{
  "re": 5000,
  "nu": 0.0002,
  "variant": "fast_spline_kan_medium",
  "family": "FastSpline-KAN",
  "n_parameters": 21956,
  "training_time_seconds": 473.9625301361084,
  "final_training_loss": 0.047449403102169344,
  "lbfgs_closure_calls": 285,
  "peak_gpu_memory_mb": 5041.46337890625,
  "quick_mode": false,
  "L2_u": 0.3081288389208654,
  "L2_v": 0.3816399310990605,
  "L2_mean": 0.344884385009963,
  "Linf_u": 0.43109908306018446,
  "Linf_v": 0.5571155394982714,
  "Linf_mean": 0.4941073112792279,
  "vortex_x": 0.9494949494949496,
  "vortex_y": 0.888888888888889,
  "vortex_center_error": 0.5628145768605699,
  "boundary_condition_MSE": 0.0010507863529168563,
  "PDE_residual_norm": 0.0654160326140564
}