{
  "re": 1000,
  "nu": 0.001,
  "variant": "fast_spline_kan_medium",
  "family": "FastSpline-KAN",
  "n_parameters": 21956,
  "training_time_seconds": 467.4064600467682,
  "final_training_loss": 0.07820994300351791,
  "lbfgs_closure_calls": 273,
  "peak_gpu_memory_mb": 5041.46337890625,
  "quick_mode": false,
  "L2_u": 0.29269916949673674,
  "L2_v": 0.29788150013075704,
  "L2_mean": 0.2952903348137469,
  "Linf_u": 0.5299666670132331,
  "Linf_v": 0.5139547004516806,
  "Linf_mean": 0.5219606837324569,
  "vortex_x": 0.9494949494949496,
  "vortex_y": 0.9494949494949496,
  "vortex_center_error": 0.5697825082587935,
  "boundary_condition_MSE": 0.0012922092425273245,
  "PDE_residual_norm": 0.14707858189390796
}