{
  "re": 400,
  "nu": 0.0025,
  "variant": "fast_spline_kan_medium",
  "family": "FastSpline-KAN",
  "n_parameters": 21956,
  "training_time_seconds": 465.8335328102112,
  "final_training_loss": 0.10590513959649464,
  "lbfgs_closure_calls": 269,
  "peak_gpu_memory_mb": 5041.46240234375,
  "quick_mode": false,
  "L2_u": 0.19951422118288187,
  "L2_v": 0.2468930551321618,
  "L2_mean": 0.22320363815752184,
  "Linf_u": 0.42746252726936473,
  "Linf_v": 0.4650816375297883,
  "Linf_mean": 0.4462720823995765,
  "vortex_x": 0.696969696969697,
  "vortex_y": 0.9191919191919192,
  "vortex_center_error": 0.34444634827815923,
  "boundary_condition_MSE": 0.004808425039842353,
  "PDE_residual_norm": 0.1433859451099815
}