{
  "re": 100,
  "nu": 0.01,
  "variant": "fast_spline_kan_medium",
  "family": "FastSpline-KAN",
  "n_parameters": 21956,
  "training_time_seconds": 459.3729591369629,
  "final_training_loss": 0.1656001092072486,
  "lbfgs_closure_calls": 262,
  "peak_gpu_memory_mb": 5041.46240234375,
  "quick_mode": false,
  "L2_u": 0.10539540951443627,
  "L2_v": 0.11384128484737924,
  "L2_mean": 0.10961834718090775,
  "Linf_u": 0.21508174742726655,
  "Linf_v": 0.20351283512275908,
  "Linf_mean": 0.20929729127501281,
  "vortex_x": 0.6464646464646465,
  "vortex_y": 0.8383838383838385,
  "vortex_center_error": 0.10802341495128255,
  "boundary_condition_MSE": 0.0056889284929350714,
  "PDE_residual_norm": 0.20488325155351259
}