{
    "method": "PI-KAN",
    "reynolds": 100,
    "nu": 0.01,
    "device": "cuda",
    "full_run": true,
    "n_collocation": 2500,
    "n_boundary": 2500,
    "adam_epochs": 200,
    "lbfgs_max_iter": 1000,
    "lbfgs_closure_calls": 141,
    "grid_n": 100,
    "training_time_seconds": 377.6810290813446,
    "peak_cpu_memory_mb": 1674.86328125,
    "peak_gpu_memory_mb": 10179.44287109375,
    "adam_final_loss": 0.03627437725663185,
    "final_loss": 0.030629657208919525,
    "loss_total": 0.030629657208919525,
    "loss_rx": 0.0034661174286156893,
    "loss_ry": 0.001574970898218453,
    "loss_continuity": 9.536742923144104e-11,
    "loss_boundary": 0.002558812964707613,
    "loss_pressure_ref": 3.5762786865234375e-07,
    "max_u": 1.0206830501556396,
    "min_u": -0.07380490750074387,
    "max_v": 0.15183518826961517,
    "min_v": -0.05566300451755524,
    "max_speed": 1.023341417312622,
    "primary_vortex_x": 0.9292929292929294,
    "primary_vortex_y": 0.8585858585858587,
    "primary_vortex_psi": -0.7513710260391235,
    "field_data_file": "results/data/pi_kan_re100_fields.npz",
    "flow_figure": "results/figures/pi_kan_flow_field_re100.png",
    "all_fields_figure": "results/figures/pi_kan_all_fields_re100.png",
    "centerline_csv": "results/tables/pi_kan_re100_centerlines.csv",
    "centerline_figure": "results/figures/pi_kan_centerlines_re100.png",
    "loss_history_csv": "results/logs/pi_kan_re100_loss_history.csv",
    "loss_history_figure": "results/figures/pi_kan_loss_history_re100.png",
    "bspline_stats": "results/logs/pikan_re100_bspline_stats.json",
    "kan_available": true
}