{
  "re": 1000,
  "nu": 0.001,
  "variant": "pinn_baseline",
  "family": "PINN",
  "n_parameters": 12802,
  "training_time_seconds": 91.89934849739075,
  "final_training_loss": 0.08754540060498495,
  "lbfgs_closure_calls": 281,
  "peak_gpu_memory_mb": 413.875,
  "quick_mode": false,
  "L2_u": 0.3251923560690878,
  "L2_v": 0.3135297086768545,
  "L2_mean": 0.31936103237297114,
  "Linf_u": 0.5625829755559209,
  "Linf_v": 0.5315890400791817,
  "Linf_mean": 0.5470860078175512,
  "vortex_x": 0.9494949494949496,
  "vortex_y": 0.9494949494949496,
  "vortex_center_error": 0.5697825082587935,
  "boundary_condition_MSE": 0.005596660122199905,
  "PDE_residual_norm": 0.11327428184703439
}