{
    "method": "PINN",
    "reynolds": 5000,
    "nu": 0.0002,
    "device": "cuda",
    "full_run": true,
    "n_collocation": 2500,
    "n_boundary": 2500,
    "adam_epochs": 200,
    "lbfgs_max_iter": 1000,
    "lbfgs_closure_calls": 664,
    "grid_n": 100,
    "training_time_seconds": 60.77745294570923,
    "peak_cpu_memory_mb": 1848.3046875,
    "peak_gpu_memory_mb": 3371.34375,
    "adam_final_loss": 0.06037774682044983,
    "final_loss": 0.0042184628546237946,
    "loss_total": 0.0042184628546237946,
    "loss_rx": 0.00020039803348481655,
    "loss_ry": 2.42380137933651e-05,
    "loss_continuity": 3.337859988405967e-10,
    "loss_boundary": 0.00039938781992532313,
    "loss_pressure_ref": -5.960464477539063e-08,
    "max_u": 1.0074137449264526,
    "min_u": -0.08862175047397614,
    "max_v": 0.03137265145778656,
    "min_v": 0.0025062167551368475,
    "max_speed": 1.0078344345092773,
    "primary_vortex_x": 0.9494949494949496,
    "primary_vortex_y": 0.9494949494949496,
    "primary_vortex_psi": -2.6976513862609863,
    "field_data_file": "results/data/pinn_re5000_fields.npz",
    "flow_figure": "results/figures/pinn_flow_field_re5000.png",
    "all_fields_figure": "results/figures/pinn_all_fields_re5000.png",
    "centerline_csv": "results/tables/pinn_re5000_centerlines.csv",
    "centerline_figure": "results/figures/pinn_centerlines_re5000.png",
    "loss_history_csv": "results/logs/pinn_re5000_loss_history.csv",
    "loss_history_figure": "results/figures/pinn_loss_history_re5000.png",
    "bspline_stats": null,
    "kan_available": true
}