{
  "re": 5000,
  "nu": 0.0002,
  "variant": "pinn_wide",
  "family": "PINN",
  "n_parameters": 28418,
  "training_time_seconds": 88.68156385421753,
  "final_training_loss": 0.03670410860182613,
  "lbfgs_closure_calls": 289,
  "peak_gpu_memory_mb": 648.16259765625,
  "quick_mode": false,
  "L2_u": 0.3451083416207958,
  "L2_v": 0.38826815917285207,
  "L2_mean": 0.36668825039682396,
  "Linf_u": 0.5389081663463114,
  "Linf_v": 0.5612453283085409,
  "Linf_mean": 0.5500767473274262,
  "vortex_x": 0.9494949494949496,
  "vortex_y": 0.9494949494949496,
  "vortex_center_error": 0.6027476445248943,
  "boundary_condition_MSE": 0.0023707179857914563,
  "PDE_residual_norm": 0.061175226352134314
}