{
  "re": 400,
  "nu": 0.0025,
  "variant": "pinn_wide",
  "family": "PINN",
  "n_parameters": 28418,
  "training_time_seconds": 90.66064977645874,
  "final_training_loss": 0.24872759607741687,
  "lbfgs_closure_calls": 281,
  "peak_gpu_memory_mb": 648.16259765625,
  "quick_mode": false,
  "L2_u": 0.2710712246492483,
  "L2_v": 0.24148622726031832,
  "L2_mean": 0.2562787259547833,
  "Linf_u": 0.5239324022782531,
  "Linf_v": 0.4687271836966891,
  "Linf_mean": 0.4963297929874711,
  "vortex_x": 0.9494949494949496,
  "vortex_y": 0.9494949494949496,
  "vortex_center_error": 0.5236368755394837,
  "boundary_condition_MSE": 0.007083347383010629,
  "PDE_residual_norm": 0.17293695500971612
}