{
  "re": 1000,
  "nu": 0.001,
  "variant": "pinn_wide",
  "family": "PINN",
  "n_parameters": 28418,
  "training_time_seconds": 92.55615615844727,
  "final_training_loss": 0.10583056963806896,
  "lbfgs_closure_calls": 283,
  "peak_gpu_memory_mb": 648.16259765625,
  "quick_mode": false,
  "L2_u": 0.32742142973395094,
  "L2_v": 0.3105856173195942,
  "L2_mean": 0.3190035235267726,
  "Linf_u": 0.5679650760460696,
  "Linf_v": 0.5283283702236994,
  "Linf_mean": 0.5481467231348844,
  "vortex_x": 0.05050505050505051,
  "vortex_y": 0.9191919191919192,
  "vortex_center_error": 0.5986592592424055,
  "boundary_condition_MSE": 0.004988986671548749,
  "PDE_residual_norm": 0.11745678084796217
}