{
    "method": "PINN",
    "reynolds": 1000,
    "nu": 0.001,
    "device": "cuda",
    "full_run": true,
    "n_collocation": 2500,
    "n_boundary": 2500,
    "adam_epochs": 200,
    "lbfgs_max_iter": 1000,
    "lbfgs_closure_calls": 302,
    "grid_n": 100,
    "training_time_seconds": 35.55594038963318,
    "peak_cpu_memory_mb": 1802.046875,
    "peak_gpu_memory_mb": 3371.34375,
    "adam_final_loss": 0.06876250356435776,
    "final_loss": 0.012596550397574902,
    "loss_total": 0.012596550397574902,
    "loss_rx": 0.0006677432102151215,
    "loss_ry": 8.27243275125511e-05,
    "loss_continuity": 1.6689299942029834e-10,
    "loss_boundary": 0.001184613793157041,
    "loss_pressure_ref": -5.960464477539063e-08,
    "max_u": 1.0215834379196167,
    "min_u": -0.08076471835374832,
    "max_v": 0.04798966646194458,
    "min_v": 0.0053296019323170185,
    "max_speed": 1.0224082469940186,
    "primary_vortex_x": 0.9494949494949496,
    "primary_vortex_y": 0.9494949494949496,
    "primary_vortex_psi": -1.2395784854888916,
    "field_data_file": "results/data/pinn_re1000_fields.npz",
    "flow_figure": "results/figures/pinn_flow_field_re1000.png",
    "all_fields_figure": "results/figures/pinn_all_fields_re1000.png",
    "centerline_csv": "results/tables/pinn_re1000_centerlines.csv",
    "centerline_figure": "results/figures/pinn_centerlines_re1000.png",
    "loss_history_csv": "results/logs/pinn_re1000_loss_history.csv",
    "loss_history_figure": "results/figures/pinn_loss_history_re1000.png",
    "bspline_stats": null,
    "kan_available": true
}