{
    "method": "PINN",
    "reynolds": 100,
    "nu": 0.01,
    "device": "cuda",
    "full_run": true,
    "n_collocation": 2500,
    "n_boundary": 2500,
    "adam_epochs": 200,
    "lbfgs_max_iter": 1000,
    "lbfgs_closure_calls": 1129,
    "grid_n": 100,
    "training_time_seconds": 94.87552976608276,
    "peak_cpu_memory_mb": 1676.01171875,
    "peak_gpu_memory_mb": 3371.34375,
    "adam_final_loss": 0.07358629256486893,
    "final_loss": 0.026548994705080986,
    "loss_total": 0.026548994705080986,
    "loss_rx": 0.003186846384778619,
    "loss_ry": 0.0013855057768523693,
    "loss_continuity": -2.0980834847250662e-09,
    "loss_boundary": 0.0021974730771034956,
    "loss_pressure_ref": 1.9073486328125e-06,
    "max_u": 1.0188038349151611,
    "min_u": -0.11086250096559525,
    "max_v": 0.16828256845474243,
    "min_v": -0.08063987642526627,
    "max_speed": 1.0196694135665894,
    "primary_vortex_x": 0.7474747474747475,
    "primary_vortex_y": 0.8383838383838385,
    "primary_vortex_psi": -0.10782245546579361,
    "field_data_file": "results/data/pinn_re100_fields.npz",
    "flow_figure": "results/figures/pinn_flow_field_re100.png",
    "all_fields_figure": "results/figures/pinn_all_fields_re100.png",
    "centerline_csv": "results/tables/pinn_re100_centerlines.csv",
    "centerline_figure": "results/figures/pinn_centerlines_re100.png",
    "loss_history_csv": "results/logs/pinn_re100_loss_history.csv",
    "loss_history_figure": "results/figures/pinn_loss_history_re100.png",
    "bspline_stats": null,
    "kan_available": true
}