{
    "method": "PI-KAN",
    "reynolds": 1000,
    "nu": 0.001,
    "device": "cuda",
    "full_run": true,
    "n_collocation": 2500,
    "n_boundary": 2500,
    "adam_epochs": 200,
    "lbfgs_max_iter": 1000,
    "lbfgs_closure_calls": 63,
    "grid_n": 100,
    "training_time_seconds": 291.32418727874756,
    "peak_cpu_memory_mb": 1755.73046875,
    "peak_gpu_memory_mb": 10165.06640625,
    "adam_final_loss": 0.017053205519914627,
    "final_loss": 0.01122749038040638,
    "loss_total": 0.01122749038040638,
    "loss_rx": 0.0014188806526362896,
    "loss_ry": 3.232049857615493e-05,
    "loss_continuity": -1.1920928133513087e-10,
    "loss_boundary": 0.0009776208316907287,
    "loss_pressure_ref": 0.0,
    "max_u": 1.0174291133880615,
    "min_u": -0.12203875184059143,
    "max_v": 0.04383270442485809,
    "min_v": 0.00883083138614893,
    "max_speed": 1.0177323818206787,
    "primary_vortex_x": 0.9494949494949496,
    "primary_vortex_y": 0.9494949494949496,
    "primary_vortex_psi": -0.6037143468856812,
    "field_data_file": "data/pi_kan_re1000_fields.npz",
    "flow_figure": "figures/pi_kan_flow_field_re1000.png",
    "all_fields_figure": "figures/pi_kan_all_fields_re1000.png",
    "centerline_csv": "tables/pi_kan_re1000_centerlines.csv",
    "centerline_figure": "figures/pi_kan_centerlines_re1000.png",
    "loss_history_csv": "logs/pi_kan_re1000_loss_history.csv",
    "loss_history_figure": "figures/pi_kan_loss_history_re1000.png",
    "bspline_stats": "logs/pikan_re1000_bspline_stats.json",
    "kan_available": true
}