{
    "method": "PI-KAN",
    "reynolds": 5000,
    "nu": 0.0002,
    "device": "cuda",
    "full_run": true,
    "n_collocation": 2500,
    "n_boundary": 2500,
    "adam_epochs": 200,
    "lbfgs_max_iter": 1000,
    "lbfgs_closure_calls": 100,
    "grid_n": 100,
    "training_time_seconds": 332.0786962509155,
    "peak_cpu_memory_mb": 1819.48046875,
    "peak_gpu_memory_mb": 10180.81103515625,
    "adam_final_loss": 0.020458947867155075,
    "final_loss": 0.005296661518514156,
    "loss_total": 0.005296661518514156,
    "loss_rx": 0.0005970739875920117,
    "loss_ry": 5.5189990234794095e-05,
    "loss_continuity": 7.15255701888573e-11,
    "loss_boundary": 0.000463471922557801,
    "loss_pressure_ref": 9.59634780883789e-06,
    "max_u": 1.013154149055481,
    "min_u": -0.09248329699039459,
    "max_v": 0.022695690393447876,
    "min_v": -0.00247800350189209,
    "max_speed": 1.0132039785385132,
    "primary_vortex_x": 0.9494949494949496,
    "primary_vortex_y": 0.9494949494949496,
    "primary_vortex_psi": -0.6213124990463257,
    "field_data_file": "data/pi_kan_re5000_fields.npz",
    "flow_figure": "figures/pi_kan_flow_field_re5000.png",
    "all_fields_figure": "figures/pi_kan_all_fields_re5000.png",
    "centerline_csv": "tables/pi_kan_re5000_centerlines.csv",
    "centerline_figure": "figures/pi_kan_centerlines_re5000.png",
    "loss_history_csv": "logs/pi_kan_re5000_loss_history.csv",
    "loss_history_figure": "figures/pi_kan_loss_history_re5000.png",
    "bspline_stats": "logs/pikan_re5000_bspline_stats.json",
    "kan_available": true
}