{
    "method": "PI-KAN",
    "reynolds": 400,
    "nu": 0.0025,
    "device": "cuda",
    "full_run": true,
    "n_collocation": 2500,
    "n_boundary": 2500,
    "adam_epochs": 200,
    "lbfgs_max_iter": 1000,
    "lbfgs_closure_calls": 61,
    "grid_n": 100,
    "training_time_seconds": 288.9789307117462,
    "peak_cpu_memory_mb": 1678.81640625,
    "peak_gpu_memory_mb": 10166.435546875,
    "adam_final_loss": 0.01917625218629837,
    "final_loss": 0.016904598101973534,
    "loss_total": 0.016904598101973534,
    "loss_rx": 0.002006734488531947,
    "loss_ry": 0.0001497177145211026,
    "loss_continuity": -2.622604355906333e-10,
    "loss_boundary": 0.0014744845684617758,
    "loss_pressure_ref": 3.2186508178710938e-06,
    "max_u": 1.0092004537582397,
    "min_u": -0.1366947442293167,
    "max_v": 0.06478288024663925,
    "min_v": 0.004593648016452789,
    "max_speed": 1.0105572938919067,
    "primary_vortex_x": 0.9494949494949496,
    "primary_vortex_y": 0.9393939393939394,
    "primary_vortex_psi": -0.6435012221336365,
    "field_data_file": "data/pi_kan_re400_fields.npz",
    "flow_figure": "figures/pi_kan_flow_field_re400.png",
    "all_fields_figure": "figures/pi_kan_all_fields_re400.png",
    "centerline_csv": "tables/pi_kan_re400_centerlines.csv",
    "centerline_figure": "figures/pi_kan_centerlines_re400.png",
    "loss_history_csv": "logs/pi_kan_re400_loss_history.csv",
    "loss_history_figure": "figures/pi_kan_loss_history_re400.png",
    "bspline_stats": "logs/pikan_re400_bspline_stats.json",
    "kan_available": true
}