{
    "method": "PINN",
    "reynolds": 400,
    "nu": 0.0025,
    "device": "cuda",
    "full_run": true,
    "n_collocation": 2500,
    "n_boundary": 2500,
    "adam_epochs": 200,
    "lbfgs_max_iter": 1000,
    "lbfgs_closure_calls": 134,
    "grid_n": 100,
    "training_time_seconds": 23.028363943099976,
    "peak_cpu_memory_mb": 1686.4921875,
    "peak_gpu_memory_mb": 3371.34375,
    "adam_final_loss": 0.07022998481988907,
    "final_loss": 0.017260856926441193,
    "loss_total": 0.017260856926441193,
    "loss_rx": 0.001310907886363566,
    "loss_ry": 0.00023560730915050954,
    "loss_continuity": -1.9073485846288207e-10,
    "loss_boundary": 0.001571440021507442,
    "loss_pressure_ref": -5.960464477539063e-08,
    "max_u": 1.029483437538147,
    "min_u": -0.10235967487096786,
    "max_v": 0.0627378299832344,
    "min_v": 0.0065964823588728905,
    "max_speed": 1.030801773071289,
    "primary_vortex_x": 0.9494949494949496,
    "primary_vortex_y": 0.9393939393939394,
    "primary_vortex_psi": -0.8573687672615051,
    "field_data_file": "data/pinn_re400_fields.npz",
    "flow_figure": "figures/pinn_flow_field_re400.png",
    "all_fields_figure": "figures/pinn_all_fields_re400.png",
    "centerline_csv": "tables/pinn_re400_centerlines.csv",
    "centerline_figure": "figures/pinn_centerlines_re400.png",
    "loss_history_csv": "logs/pinn_re400_loss_history.csv",
    "loss_history_figure": "figures/pinn_loss_history_re400.png",
    "bspline_stats": null,
    "kan_available": true
}