method,reynolds,nu,training_time_seconds,final_loss,peak_cpu_memory_mb,peak_gpu_memory_mb,lbfgs_closure_calls,max_speed,primary_vortex_x,primary_vortex_y,n_collocation,n_boundary,adam_epochs,lbfgs_max_iter
PI-KAN,100,0.01,377.6810290813446,0.030629657208919525,1674.86328125,10179.44287109375,141,1.023341417312622,0.9292929292929294,0.8585858585858587,2500,2500,200,1000
PINN,100,0.01,94.87552976608276,0.026548994705080986,1676.01171875,3371.34375,1129,1.0196694135665894,0.7474747474747475,0.8383838383838385,2500,2500,200,1000
PI-KAN,400,0.0025,288.9789307117462,0.016904598101973534,1678.81640625,10166.435546875,61,1.0105572938919067,0.9494949494949496,0.9393939393939394,2500,2500,200,1000
PINN,400,0.0025,23.028363943099976,0.017260856926441193,1686.4921875,3371.34375,134,1.030801773071289,0.9494949494949496,0.9393939393939394,2500,2500,200,1000
PI-KAN,1000,0.001,291.32418727874756,0.01122749038040638,1755.73046875,10165.06640625,63,1.0177323818206787,0.9494949494949496,0.9494949494949496,2500,2500,200,1000
PINN,1000,0.001,35.55594038963318,0.012596550397574902,1802.046875,3371.34375,302,1.0224082469940186,0.9494949494949496,0.9494949494949496,2500,2500,200,1000
PI-KAN,5000,0.0002,332.0786962509155,0.005296661518514156,1819.48046875,10180.81103515625,100,1.0132039785385132,0.9494949494949496,0.9494949494949496,2500,2500,200,1000
PINN,5000,0.0002,60.77745294570923,0.0042184628546237946,1848.3046875,3371.34375,664,1.0078344345092773,0.9494949494949496,0.9494949494949496,2500,2500,200,1000
